model,data,method,accuracy,f1,precision,recall
flan-t5-base,dev_matched_output_modified,finetune-10000,0.3312,0.18723009879123698,0.43578421913327886,0.3312
flan-t5-base,dev_mismatched_output_modified,finetune-10000,0.3184,0.16773895274584932,0.4557668016194332,0.3184
roberta-base,dev_matched_output,finetune-10000,0.8024,0.7965490704678528,0.7916249203820235,0.8024
roberta-base,dev_mismatched_output,finetune-10000,0.7988,0.7934041402243576,0.7884879480519481,0.7988
roberta-base,wiki_bio_gpt3_hallucination,finetune-10000,0.7421383647798742,0.8436109345200254,0.7565564424173318,0.9533045977011494
flan-t5-base,wiki_bio_gpt3_hallucination,finetune-10000,0.789832285115304,0.8715155398910606,0.7865818392134182,0.9770114942528736
